purchase_month,purchase_day_of_week,days_until_expiry,quantity,used_before_expiry,item_beverage,item_dairy,item_fruit,item_grain,item_meat,item_snack,item_vegetable,storage_freezer,storage_fridge,storage_pantry,item_name,storage_temperature_c,storage_humidity_pct
0.0,0.0,0.041322314,0.555555556,1,False,False,False,False,False,False,True,False,True,False,leeks,3.75,69.51
0.636363636,0.166666667,0.209366391,0.555555556,1,False,False,False,True,False,False,False,True,False,False,wheat_bread,-17.07,90.99
0.181818182,0.0,0.595041322,0.333333333,1,True,False,False,False,False,False,False,False,True,False,chocolate_drink,3.31,61.56
0.181818182,0.5,0.022038567,0.555555556,1,False,True,False,False,False,False,False,False,True,False,ice_cream,3.12,68.66
0.818181818,0.666666667,0.526170799,1.0,1,False,False,False,False,False,True,False,True,False,False,cake_rusk,-17.6,92.08
0.727272727,0.666666667,0.08815427,1.0,1,False,False,False,True,False,False,False,True,False,False,porridge_mix,-19.92,94.7
0.636363636,1.0,0.008264463,0.666666667,1,False,False,True,False,False,False,False,False,True,False,mango,4.66,62.12
0.636363636,1.0,0.011019284,0.444444444,1,False,False,True,False,False,False,False,False,False,True,papaya,26.73,72.75
0.454545455,0.0,0.011019284,0.333333333,1,False,False,False,False,True,False,False,True,False,False,beef_strips,-18.78,90.25
1.0,0.333333333,0.041322314,1.0,1,False,False,False,False,False,False,True,False,False,True,cucumber,27.73,74.37
0.909090909,0.0,0.038567493,0.777777778,1,False,True,False,False,False,False,False,False,True,False,yogurt_drink,4.22,61.39
0.636363636,0.5,0.03030303,0.0,0,False,True,False,False,False,False,False,False,True,False,whipped_cream,3.58,63.66
0.0,0.333333333,0.013774105,0.888888889,1,False,False,True,False,False,False,False,False,False,True,mango,27.82,81.78
0.090909091,0.833333333,1.0,0.555555556,1,False,False,False,False,False,True,False,False,False,True,cookie,26.8,77.71
0.0,0.333333333,0.195592287,0.111111111,1,False,False,False,False,False,True,False,True,False,False,cheese_balls,-17.63,85.46
0.545454545,0.833333333,0.380165289,0.333333333,1,False,False,False,True,False,False,False,False,False,True,barley,28.43,72.56
1.0,0.333333333,0.76584022,0.222222222,1,False,False,False,False,False,True,False,True,False,False,wafers,-19.74,94.49
0.545454545,0.166666667,0.0,0.888888889,1,False,False,False,False,True,False,False,False,False,True,sausage,29.86,82.13
0.090909091,0.166666667,0.027548209,0.666666667,1,False,False,True,False,False,False,False,False,False,True,plum,27.22,71.47
0.636363636,1.0,0.005509642,0.777777778,1,False,False,False,False,True,False,False,False,False,True,beef_steak,28.74,76.6
0.0,1.0,0.385674931,0.111111111,1,False,False,False,False,False,True,False,True,False,False,doughnut,-19.51,89.95
0.363636364,0.666666667,0.476584022,0.666666667,1,False,False,False,True,False,False,False,False,False,True,short_eats,26.14,83.64
0.636363636,0.0,0.096418733,0.0,1,True,False,False,False,False,False,False,False,True,False,kefir,3.52,66.63
0.545454545,0.333333333,0.027548209,0.888888889,0,False,True,False,False,False,False,False,False,True,False,mozzarella,3.62,65.2
0.545454545,0.333333333,0.300275482,1.0,1,False,False,False,False,False,True,False,True,False,False,nachos,-17.81,86.85
0.545454545,0.833333333,0.049586777,1.0,1,False,False,False,False,False,False,True,True,False,False,cucumber,-16.12,92.75
0.363636364,0.666666667,0.016528926,0.666666667,1,False,False,False,False,True,False,False,False,True,False,pork_chop,4.88,68.95
0.454545455,0.5,0.016528926,0.555555556,1,False,True,False,False,False,False,False,True,False,False,chocolate_milk,-17.61,94.22
1.0,0.833333333,0.771349862,1.0,1,True,False,False,False,False,False,False,False,False,True,kombucha,26.35,72.94
0.0,0.666666667,0.162534435,0.111111111,1,False,False,False,True,False,False,False,False,False,True,wheat_bread,26.18,74.88
0.272727273,0.5,0.953168044,0.333333333,1,False,False,False,False,False,True,False,True,False,False,cake_rusk,-18.45,87.71
0.909090909,0.666666667,0.033057851,0.222222222,1,False,True,False,False,False,False,False,True,False,False,yogurt_drink,-16.69,88.57
0.545454545,0.666666667,0.024793388,1.0,1,False,True,False,False,False,False,False,True,False,False,ghee,-18.88,90.43
0.272727273,0.166666667,0.011019284,0.111111111,0,False,False,False,False,True,False,False,False,False,True,hotdog,26.56,82.03
0.454545455,0.0,0.173553719,0.555555556,1,False,False,False,True,False,False,False,False,False,True,rice_cakes,26.3,84.8
0.636363636,0.5,0.008264463,1.0,1,False,False,False,False,True,False,False,False,True,False,chicken_breast,4.54,61.99
0.090909091,0.166666667,0.005509642,0.777777778,1,False,False,False,False,True,False,False,True,False,False,hotdog,-19.98,93.15
0.545454545,0.0,0.002754821,0.555555556,1,False,False,False,False,True,False,False,False,False,True,turkey,28.83,80.94
0.909090909,1.0,0.851239669,0.0,1,False,False,False,False,False,True,False,True,False,False,biscuits,-16.91,85.74
0.727272727,0.166666667,0.016528926,0.111111111,1,False,False,True,False,False,False,False,True,False,False,pear,-18.57,86.16
0.090909091,1.0,0.371900826,1.0,1,False,False,False,False,False,True,False,True,False,False,chocolate,-16.55,91.23
0.454545455,0.666666667,0.013774105,0.111111111,1,False,False,False,False,False,False,True,True,False,False,beetroot,-18.68,85.64
0.818181818,0.833333333,0.126721763,0.555555556,1,False,False,False,False,False,True,False,False,True,False,chips,3.62,63.25
0.545454545,0.333333333,0.67768595,0.666666667,0,True,False,False,False,False,False,False,False,False,True,soda,28.92,79.56
1.0,0.333333333,0.022038567,0.444444444,1,False,True,False,False,False,False,False,False,True,False,cheddar,4.77,64.72
0.181818182,0.333333333,0.008264463,0.111111111,1,False,False,True,False,False,False,False,True,False,False,mango,-19.52,92.13
0.272727273,0.666666667,0.487603306,0.0,0,True,False,False,False,False,False,False,False,False,True,yogurt_drink,29.04,78.42
0.181818182,1.0,0.035812672,0.0,1,False,True,False,False,False,False,False,False,False,True,cheese,29.08,77.41
0.272727273,1.0,0.038567493,0.777777778,1,False,True,False,False,False,False,False,True,False,False,milkshake,-17.91,89.28
0.727272727,0.5,0.038567493,0.333333333,1,False,False,False,False,False,False,True,True,False,False,mushroom,-19.9,86.08
0.909090909,0.333333333,0.016528926,0.111111111,0,False,False,False,False,True,False,False,True,False,False,chicken_thigh,-19.87,91.36
0.181818182,0.166666667,0.578512397,0.888888889,0,False,False,False,False,False,True,False,False,True,False,nachos,3.63,65.09
0.636363636,1.0,0.016528926,0.555555556,1,False,True,False,False,False,False,False,False,False,True,sour_cream,29.63,73.74
0.181818182,0.0,0.256198347,0.0,1,False,False,False,False,False,True,False,True,False,False,sesame_snaps,-18.36,92.56
0.636363636,0.833333333,0.033057851,0.444444444,1,False,True,False,False,False,False,False,True,False,False,butter,-19.08,85.77
0.272727273,0.333333333,0.570247934,0.555555556,1,True,False,False,False,False,False,False,False,True,False,soy_milk,3.58,61.61
0.090909091,0.166666667,0.275482094,1.0,1,False,False,False,True,False,False,False,False,True,False,quinoa,4.86,68.08
0.818181818,0.833333333,0.049586777,0.444444444,1,False,False,False,False,False,False,True,False,False,True,carrot,28.53,83.07
0.818181818,1.0,0.011019284,0.888888889,1,False,False,False,False,True,False,False,True,False,False,chicken_thigh,-16.79,86.87
0.181818182,0.166666667,0.013774105,0.111111111,0,False,False,False,False,True,False,False,True,False,False,sausage,-16.43,90.39
0.818181818,0.833333333,0.008264463,0.0,1,False,False,False,False,False,False,True,False,True,False,spinach,4.61,68.96
0.636363636,0.666666667,0.374655647,0.0,1,False,False,False,False,False,True,False,False,True,False,jelly_cup,3.64,61.1
1.0,0.166666667,0.994490358,0.222222222,1,True,False,False,False,False,False,False,True,False,False,coffee_drink,-19.09,89.27
0.090909091,0.333333333,0.396694215,0.111111111,1,True,False,False,False,False,False,False,False,True,False,almond_milk,4.64,68.61
0.636363636,0.666666667,0.027548209,1.0,1,False,False,False,False,False,False,True,False,True,False,onion,3.01,65.11
0.818181818,0.333333333,0.82369146,0.777777778,1,True,False,False,False,False,False,False,True,False,False,soy_milk,-18.33,87.22
0.181818182,0.0,0.016528926,0.555555556,1,False,False,False,False,False,False,True,False,False,True,potato,26.48,75.06
0.636363636,0.666666667,0.388429752,0.555555556,1,True,False,False,False,False,False,False,False,False,True,herbal_tea,29.77,74.85
0.181818182,0.666666667,0.754820937,0.222222222,1,True,False,False,False,False,False,False,True,False,False,soy_milk,-17.92,92.03
0.545454545,0.5,0.033057851,0.555555556,1,False,True,False,False,False,False,False,True,False,False,milk,-18.55,94.72
0.636363636,0.333333333,0.730027548,0.444444444,1,False,False,False,False,False,True,False,True,False,False,doughnut,-16.15,87.52
0.363636364,0.833333333,0.044077135,0.555555556,1,False,True,False,False,False,False,False,False,False,True,buttermilk,27.99,74.51
0.727272727,1.0,0.024793388,1.0,0,False,True,False,False,False,False,False,True,False,False,feta,-18.86,85.37
0.454545455,0.166666667,0.024793388,1.0,1,False,False,True,False,False,False,False,False,True,False,peach,4.22,65.03
0.909090909,0.0,0.046831956,0.888888889,1,False,False,False,False,False,False,True,False,True,False,sweet_potato,3.1,62.79
0.727272727,0.166666667,0.016528926,0.333333333,1,False,True,False,False,False,False,False,False,True,False,sour_cream,4.82,62.4
0.272727273,0.166666667,0.713498623,0.111111111,1,False,False,False,False,False,True,False,False,False,True,sesame_snaps,26.58,77.34
0.454545455,0.0,0.746556474,1.0,1,True,False,False,False,False,False,False,False,True,False,syrup,4.97,62.42
1.0,0.333333333,0.022038567,0.666666667,1,False,True,False,False,False,False,False,False,False,True,cheddar,28.69,81.42
0.0,0.0,0.438016529,0.444444444,1,False,False,False,True,False,False,False,False,True,False,short_eats,3.48,67.28
1.0,0.5,0.011019284,0.333333333,0,False,False,True,False,False,False,False,False,False,True,plum,27.47,79.48
0.636363636,0.333333333,0.443526171,0.777777778,1,False,False,False,False,False,True,False,True,False,False,doughnut,-17.47,90.36
0.818181818,1.0,0.019283747,0.111111111,0,False,True,False,False,False,False,False,True,False,False,milkshake,-19.64,93.35
0.818181818,0.666666667,0.049586777,1.0,1,False,False,False,False,False,False,True,False,False,True,carrot,27.28,72.8
0.909090909,0.333333333,0.027548209,0.666666667,1,False,False,False,False,False,False,True,True,False,False,pumpkin,-19.84,90.91
0.454545455,0.333333333,0.011019284,0.111111111,1,False,False,False,False,False,False,True,True,False,False,onion,-17.29,85.17
0.545454545,1.0,0.311294766,0.777777778,0,False,False,False,True,False,False,False,False,False,True,quinoa,28.05,73.4
0.272727273,0.5,0.311294766,0.111111111,1,False,False,False,False,False,True,False,True,False,False,muffin,-17.42,86.74
0.909090909,0.333333333,0.013774105,0.222222222,1,False,False,True,False,False,False,False,False,False,True,pomegranate,28.76,75.8
0.454545455,1.0,0.049586777,0.777777778,0,False,True,False,False,False,False,False,False,False,True,cheese,29.75,72.06
0.818181818,0.666666667,0.137741047,0.777777778,1,False,False,False,False,False,True,False,False,False,True,pudding,27.36,71.7
0.454545455,0.666666667,0.005509642,0.555555556,0,False,False,False,False,True,False,False,False,True,False,deli_meat,4.85,68.77
0.636363636,0.666666667,0.011019284,0.222222222,1,False,False,False,False,False,False,True,False,True,False,pumpkin,3.52,66.6
0.909090909,0.5,0.008264463,0.888888889,1,False,False,False,False,True,False,False,False,False,True,ground_pork,29.27,78.33
0.090909091,0.833333333,0.58677686,0.111111111,1,True,False,False,False,False,False,False,False,True,False,lemonade,4.06,62.42
0.0,0.333333333,0.049586777,0.444444444,1,False,True,False,False,False,False,False,False,False,True,milk,26.37,83.46
1.0,0.5,0.008264463,0.555555556,1,False,False,False,False,True,False,False,False,True,False,chicken_wings,4.8,66.33
0.727272727,1.0,0.027548209,1.0,1,False,True,False,False,False,False,False,False,False,True,condensed_milk,27.36,75.24
0.090909091,0.833333333,0.699724518,0.222222222,1,False,False,False,False,False,True,False,True,False,False,chips,-17.1,93.97
0.909090909,0.166666667,0.013774105,0.333333333,1,False,True,False,False,False,False,False,True,False,False,milk_powder,-16.45,92.8
0.636363636,0.666666667,0.550964187,0.777777778,0,False,False,False,False,False,True,False,False,False,True,candy,28.57,71.26
0.0,0.833333333,0.046831956,0.666666667,0,False,True,False,False,False,False,False,False,True,False,milk_powder,3.32,68.99
0.454545455,0.166666667,0.013774105,0.777777778,1,False,False,False,False,True,False,False,False,True,False,chicken_thigh,4.21,60.09
0.909090909,0.333333333,0.041322314,0.444444444,1,False,True,False,False,False,False,False,True,False,False,milkshake,-19.59,91.64
0.363636364,0.666666667,0.661157025,0.777777778,1,False,False,False,False,False,True,False,False,False,True,chips,26.02,72.41
0.818181818,0.0,0.044077135,0.555555556,1,False,False,False,False,False,False,True,True,False,False,beans,-17.81,91.92
0.727272727,0.5,0.033057851,0.333333333,1,False,False,False,False,False,False,True,False,False,True,beetroot,28.61,73.36
0.636363636,1.0,0.429752066,0.0,1,False,False,False,False,False,True,False,False,True,False,cookie,4.42,62.37
0.454545455,0.833333333,0.011019284,0.222222222,0,False,False,True,False,False,False,False,True,False,False,mango,-18.7,92.46
0.090909091,0.666666667,0.019283747,0.0,1,False,False,True,False,False,False,False,False,True,False,avocado,4.3,68.49
0.0,0.333333333,0.013774105,0.777777778,1,False,False,False,False,False,False,True,True,False,False,pumpkin,-17.37,90.68
0.545454545,0.166666667,0.129476584,0.333333333,1,True,False,False,False,False,False,False,False,True,False,yogurt_drink,3.19,63.68
0.0,0.5,0.385674931,0.888888889,1,False,False,False,True,False,False,False,False,True,False,flour,3.53,62.44
1.0,0.0,0.016528926,0.0,1,False,False,True,False,False,False,False,False,True,False,pineapple,4.95,63.93
0.181818182,0.5,0.011019284,0.777777778,1,False,False,True,False,False,False,False,False,True,False,coconut,4.78,66.31
0.727272727,0.333333333,0.955922865,0.777777778,1,False,False,False,False,False,True,False,True,False,False,cake_rusk,-16.82,90.03
0.909090909,0.333333333,0.016528926,0.888888889,1,False,False,False,False,True,False,False,True,False,False,lamb,-17.69,89.93
0.909090909,0.166666667,0.005509642,0.0,1,False,False,False,False,True,False,False,True,False,False,sausage,-19.22,92.22
0.909090909,0.0,0.462809917,0.666666667,1,False,False,False,True,False,False,False,True,False,False,couscous,-18.88,85.24
0.090909091,1.0,0.465564738,0.111111111,1,True,False,False,False,False,False,False,False,True,False,milkshake,4.29,61.77
0.090909091,0.166666667,0.016528926,0.777777778,0,False,False,True,False,False,False,False,True,False,False,watermelon,-16.24,94.54
0.727272727,0.166666667,0.327823691,0.444444444,1,True,False,False,False,False,False,False,False,True,False,vitamin_water,4.83,63.7
0.0,0.666666667,0.495867769,1.0,1,False,False,False,False,False,True,False,True,False,False,doughnut,-19.94,94.28
0.090909091,0.333333333,0.013774105,0.111111111,1,False,True,False,False,False,False,False,False,True,False,condensed_milk,3.86,69.67
0.636363636,1.0,0.002754821,0.222222222,0,False,False,True,False,False,False,False,False,False,True,plum,29.85,82.8
0.454545455,0.666666667,0.013774105,0.333333333,1,False,True,False,False,False,False,False,False,False,True,paneer,27.18,75.78
0.454545455,0.666666667,0.027548209,0.333333333,1,False,False,True,False,False,False,False,False,False,True,mango,29.4,74.75
0.636363636,0.5,0.600550964,1.0,1,False,False,False,False,False,True,False,True,False,False,doughnut,-19.32,90.57
0.363636364,0.666666667,0.944903581,0.888888889,1,True,False,False,False,False,False,False,False,False,True,vitamin_water,29.74,80.44
0.545454545,0.166666667,0.011019284,0.555555556,1,False,False,True,False,False,False,False,True,False,False,papaya,-17.72,85.97
0.454545455,0.666666667,0.024793388,0.555555556,0,False,False,True,False,False,False,False,False,True,False,grapes,4.23,69.9
0.0,0.5,0.005509642,0.333333333,1,False,False,False,False,True,False,False,True,False,False,chicken_thigh,-19.44,90.18
0.545454545,1.0,0.013774105,0.777777778,0,False,False,False,False,True,False,False,False,True,False,beef_steak,4.75,67.41
0.363636364,0.166666667,0.008264463,0.666666667,1,False,False,False,False,True,False,False,False,True,False,deli_meat,4.39,67.02
0.636363636,0.166666667,0.432506887,0.333333333,0,True,False,False,False,False,False,False,False,False,True,soy_milk,27.44,74.4
0.090909091,0.833333333,0.016528926,0.333333333,0,False,False,False,False,True,False,False,False,True,False,chicken_breast,4.62,68.1
0.363636364,1.0,0.939393939,0.444444444,1,True,False,False,False,False,False,False,False,False,True,milkshake,29.47,83.7
0.363636364,0.333333333,0.360881543,0.666666667,1,False,False,False,True,False,False,False,True,False,False,millet,-17.95,90.02
0.090909091,0.5,0.082644628,0.222222222,1,False,False,False,True,False,False,False,True,False,False,rice,-16.81,91.5
1.0,0.333333333,0.013774105,0.555555556,1,False,False,True,False,False,False,False,False,True,False,kiwi,4.4,67.96
0.454545455,0.0,0.022038567,0.888888889,1,False,False,False,False,False,False,True,False,True,False,broccoli,4.78,63.38
0.545454545,0.0,0.011019284,0.777777778,0,False,False,False,False,True,False,False,False,False,True,bacon,27.5,71.41
0.545454545,0.5,0.374655647,0.444444444,0,True,False,False,False,False,False,False,True,False,False,fruit_punch,-17.69,85.36
0.181818182,0.0,0.011019284,0.333333333,1,False,False,False,False,False,False,True,False,False,True,cucumber,27.86,78.14
0.545454545,0.5,0.002754821,0.333333333,1,False,False,True,False,False,False,False,False,False,True,lychee,27.15,78.86
1.0,0.166666667,0.011019284,0.444444444,1,False,False,True,False,False,False,False,False,True,False,apple,3.06,60.37
0.545454545,0.833333333,0.005509642,0.888888889,0,False,False,False,False,True,False,False,False,False,True,beef_steak,29.29,75.4
0.363636364,0.166666667,0.132231405,0.333333333,1,False,False,False,False,False,True,False,False,True,False,cake_rusk,3.25,65.22
0.0,0.333333333,0.005509642,0.444444444,0,False,False,False,False,True,False,False,True,False,False,beef_roast,-16.92,87.16
0.363636364,0.0,0.008264463,0.666666667,0,False,False,True,False,False,False,False,False,False,True,kiwi,28.49,71.28
0.545454545,0.333333333,0.159779614,0.0,1,False,False,False,True,False,False,False,False,True,False,chapati,3.1,65.31
0.363636364,0.166666667,0.024793388,0.444444444,1,False,False,True,False,False,False,False,False,True,False,watermelon,4.08,66.37
0.090909091,0.833333333,0.016528926,0.0,1,False,False,False,False,True,False,False,False,True,False,chicken_breast,4.45,69.76
1.0,0.666666667,0.449035813,0.666666667,1,False,False,False,False,False,True,False,True,False,False,jelly_cup,-17.93,88.23
0.0,0.166666667,0.038567493,0.666666667,1,False,True,False,False,False,False,False,False,False,True,cheddar,29.18,74.06
0.181818182,0.0,0.016528926,0.333333333,1,False,False,True,False,False,False,False,True,False,False,watermelon,-18.24,85.78
0.818181818,1.0,0.991735537,0.111111111,1,True,False,False,False,False,False,False,False,True,False,fruit_punch,3.05,69.63
0.272727273,0.833333333,0.024793388,0.0,0,False,False,True,False,False,False,False,False,True,False,orange,4.67,66.96
0.181818182,0.833333333,0.038567493,1.0,1,False,True,False,False,False,False,False,True,False,False,ghee,-18.36,86.73
0.909090909,0.333333333,0.931129477,0.777777778,1,False,False,False,False,False,True,False,False,True,False,pudding,3.31,62.5
0.272727273,0.0,0.022038567,1.0,1,False,False,False,False,False,False,True,True,False,False,tomato,-17.8,92.15
0.090909091,1.0,0.826446281,0.444444444,1,True,False,False,False,False,False,False,False,False,True,coconut_water,28.64,74.2
0.181818182,0.833333333,0.267217631,0.444444444,1,True,False,False,False,False,False,False,False,False,True,yogurt_drink,29.82,81.07
0.0,0.333333333,0.371900826,0.555555556,1,False,False,False,True,False,False,False,False,False,True,noodles,28.22,79.18
0.818181818,0.166666667,0.140495868,0.444444444,1,True,False,False,False,False,False,False,True,False,False,almond_milk,-18.32,87.48
0.727272727,1.0,0.300275482,0.0,1,False,False,False,True,False,False,False,True,False,False,porridge_mix,-18.58,92.58
0.818181818,0.333333333,0.011019284,0.333333333,0,False,False,False,False,True,False,False,True,False,False,bacon,-19.94,86.16
0.090909091,0.5,0.931129477,0.777777778,0,True,False,False,False,False,False,False,False,False,True,coffee_drink,26.18,70.61
0.818181818,1.0,0.019283747,0.888888889,0,False,False,True,False,False,False,False,True,False,False,apple,-16.58,92.04
0.272727273,0.833333333,0.377410468,0.888888889,1,True,False,False,False,False,False,False,False,False,True,yogurt_drink,27.9,71.47
0.727272727,0.333333333,0.0,0.777777778,1,False,False,False,False,True,False,False,False,False,True,chicken_liver,27.97,77.1
0.0,0.166666667,0.184573003,1.0,1,True,False,False,False,False,False,False,False,True,False,yogurt_drink,3.35,64.34
0.090909091,0.666666667,0.578512397,0.555555556,1,True,False,False,False,False,False,False,False,False,True,kombucha,27.59,79.24
0.272727273,0.666666667,0.396694215,0.222222222,0,True,False,False,False,False,False,False,False,True,False,soda,4.27,60.45
0.818181818,1.0,0.0,0.777777778,1,False,False,False,False,True,False,False,False,False,True,chicken_breast,27.5,79.39
0.818181818,0.666666667,0.041322314,0.444444444,1,False,True,False,False,False,False,False,False,False,True,paneer,28.01,82.85
0.454545455,0.166666667,0.005509642,0.0,1,False,False,False,False,True,False,False,False,False,True,lamb,28.63,72.44
0.636363636,0.333333333,0.011019284,0.666666667,1,False,False,False,False,True,False,False,False,True,False,turkey,3.14,66.42
0.0,1.0,0.022038567,0.0,1,False,False,True,False,False,False,False,False,True,False,pear,3.05,65.86
0.454545455,1.0,0.016528926,1.0,0,False,False,False,False,True,False,False,True,False,False,chicken_thigh,-16.24,90.75
0.090909091,0.666666667,0.58677686,0.666666667,1,False,False,False,False,False,True,False,False,True,False,cookie,3.78,66.43
0.181818182,0.666666667,0.253443526,0.777777778,1,False,False,False,False,False,True,False,False,False,True,chocolate,27.83,78.18
0.181818182,0.333333333,0.0,0.777777778,1,False,False,False,False,True,False,False,True,False,False,chicken_liver,-16.23,88.86
1.0,0.666666667,0.005509642,0.111111111,1,False,False,False,False,True,False,False,False,False,True,bacon,29.84,83.58
0.454545455,1.0,0.019283747,0.0,1,False,False,True,False,False,False,False,False,True,False,pomegranate,3.39,60.69
0.454545455,1.0,0.03030303,0.333333333,1,False,False,True,False,False,False,False,False,True,False,plum,3.2,60.18
0.0,1.0,0.148760331,0.444444444,0,False,False,False,True,False,False,False,True,False,False,string_hoppers,-19.62,91.83
0.363636364,0.0,0.008264463,0.0,0,False,False,False,False,True,False,False,True,False,False,chicken_gizzard,-19.72,88.19
0.272727273,1.0,0.614325069,0.888888889,0,False,False,False,False,False,True,False,False,True,False,chips,4.69,60.23
0.363636364,0.5,0.013774105,1.0,1,False,False,True,False,False,False,False,False,False,True,apple,29.26,74.23
0.454545455,0.5,0.016528926,0.555555556,1,False,False,False,False,False,False,True,False,True,False,mushroom,3.24,66.97
0.272727273,0.333333333,0.013774105,1.0,1,False,True,False,False,False,False,False,False,True,False,ice_cream,4.26,68.77
0.636363636,1.0,0.250688705,0.888888889,1,False,False,False,True,False,False,False,False,False,True,noodles,28.94,82.05
0.636363636,0.333333333,0.035812672,1.0,1,False,False,False,False,False,False,True,False,False,True,ginger,27.13,72.66
0.0,0.833333333,0.29476584,0.222222222,1,False,False,False,True,False,False,False,True,False,False,bun_rotti,-17.0,93.07
0.818181818,0.833333333,0.019283747,0.666666667,1,False,False,False,False,True,False,False,False,True,False,deli_meat,4.98,64.13
0.363636364,0.333333333,0.303030303,0.222222222,0,True,False,False,False,False,False,False,False,False,True,milk_drink,27.49,81.65
0.636363636,0.0,0.002754821,0.777777778,1,False,False,False,False,True,False,False,False,False,True,chicken_gizzard,27.36,83.96
0.727272727,1.0,0.044077135,0.111111111,0,False,True,False,False,False,False,False,False,False,True,yogurt,29.43,76.43
0.090909091,0.833333333,0.016528926,0.222222222,1,False,False,False,False,True,False,False,False,True,False,sausage,4.5,67.55
0.636363636,0.666666667,0.044077135,0.333333333,1,False,False,False,False,False,False,True,True,False,False,lettuce,-19.59,94.03
0.454545455,0.833333333,0.258953168,0.222222222,1,False,False,False,False,False,True,False,True,False,False,cake_rusk,-17.98,93.26
0.363636364,1.0,0.002754821,0.888888889,0,False,False,True,False,False,False,False,True,False,False,grapes,-18.72,93.96
1.0,1.0,0.415977961,0.444444444,0,False,False,False,False,False,True,False,False,True,False,crisps,3.78,60.11
0.727272727,1.0,0.683195592,0.111111111,1,True,False,False,False,False,False,False,False,False,True,coconut_water,29.62,71.37
0.454545455,0.833333333,0.300275482,1.0,1,False,False,False,True,False,False,False,False,False,True,noodles,27.28,84.25
0.272727273,0.833333333,0.404958678,1.0,1,True,False,False,False,False,False,False,False,True,False,yogurt_drink,4.9,65.73
0.545454545,0.0,0.190082645,0.666666667,1,True,False,False,False,False,False,False,False,True,False,smoothie,4.26,64.48
0.090909091,0.833333333,0.493112948,0.444444444,1,True,False,False,False,False,False,False,False,True,False,almond_milk,3.59,63.29
0.909090909,0.666666667,0.319559229,0.222222222,0,False,False,False,True,False,False,False,False,False,True,rice_cakes,28.69,81.29
0.454545455,0.166666667,0.26446281,0.111111111,0,True,False,False,False,False,False,False,False,True,False,kefir,4.58,67.9
0.909090909,0.166666667,0.449035813,0.111111111,1,False,False,False,True,False,False,False,True,False,False,crackers,-19.64,89.94
0.727272727,0.666666667,0.785123967,0.888888889,1,True,False,False,False,False,False,False,False,True,False,iced_tea,3.12,65.5
0.727272727,0.0,0.0,0.444444444,0,False,False,False,False,True,False,False,False,True,False,hotdog,3.88,68.88
0.909090909,0.333333333,0.013774105,0.333333333,1,False,False,True,False,False,False,False,True,False,False,grapes,-18.6,86.17
0.545454545,0.0,0.490358127,0.666666667,1,False,False,False,False,False,True,False,False,True,False,candy,3.29,67.62
0.909090909,0.0,0.008264463,0.555555556,1,False,False,True,False,False,False,False,False,False,True,pear,28.47,71.52
0.0,0.0,0.385674931,0.888888889,1,False,False,False,True,False,False,False,False,True,False,chapati,3.17,67.01
0.0,0.5,0.03030303,0.666666667,1,False,True,False,False,False,False,False,False,True,False,yogurt_drink,3.15,68.22
0.272727273,0.5,0.022038567,0.444444444,1,False,False,True,False,False,False,False,True,False,False,pomegranate,-17.18,85.81
0.818181818,0.833333333,0.157024793,0.0,1,True,False,False,False,False,False,False,True,False,False,syrup,-19.66,94.87
0.0,0.666666667,0.151515152,0.111111111,1,True,False,False,False,False,False,False,False,False,True,soy_milk,27.5,75.56
0.272727273,0.0,0.049586777,0.777777778,1,False,False,False,False,False,False,True,False,True,False,cabbage,4.63,69.47
0.545454545,0.833333333,0.011019284,0.777777778,1,False,False,False,False,True,False,False,False,False,True,pork_chop,29.94,81.3
0.909090909,0.666666667,0.002754821,0.444444444,1,False,False,False,False,True,False,False,False,True,False,chicken_thigh,3.75,60.84
0.090909091,0.5,0.046831956,0.333333333,1,False,True,False,False,False,False,False,True,False,False,whipped_cream,-16.89,90.58
0.909090909,1.0,0.292011019,0.111111111,1,False,False,False,False,False,True,False,False,True,False,chocolate,3.85,69.06
0.181818182,1.0,0.033057851,0.666666667,0,False,False,False,False,False,False,True,False,True,False,carrot,3.22,64.93
0.363636364,0.333333333,0.688705234,0.222222222,1,False,False,False,False,False,True,False,True,False,False,brownie,-19.95,89.69
0.636363636,0.666666667,0.008264463,1.0,1,False,False,False,False,True,False,False,True,False,False,beef_strips,-19.77,86.19
0.0,0.166666667,0.011019284,0.222222222,1,False,False,True,False,False,False,False,False,True,False,orange,3.24,66.49
0.454545455,0.5,0.523415978,0.888888889,0,True,False,False,False,False,False,False,False,False,True,fruit_punch,28.98,78.75
0.909090909,0.166666667,0.033057851,0.555555556,1,False,False,False,False,False,False,True,False,True,False,cabbage,4.92,63.75
0.636363636,0.166666667,0.203856749,0.888888889,1,False,False,False,True,False,False,False,False,True,False,oats,3.57,68.69
0.181818182,0.666666667,0.859504132,0.444444444,1,False,False,False,False,False,True,False,False,False,True,doughnut,26.89,84.45
0.727272727,0.166666667,0.011019284,0.111111111,1,False,False,False,False,True,False,False,False,True,False,chicken_thigh,3.02,69.7
0.818181818,0.0,0.019283747,1.0,1,False,False,True,False,False,False,False,False,True,False,avocado,3.09,68.91
0.636363636,0.333333333,0.826446281,0.222222222,0,False,False,False,False,False,True,False,False,True,False,brownie,4.06,69.93
0.636363636,0.0,0.013774105,0.111111111,1,False,False,False,False,True,False,False,False,False,True,ground_pork,26.3,78.31
0.090909091,0.5,0.112947658,0.555555556,1,True,False,False,False,False,False,False,False,True,False,soda,4.94,65.23
0.0,0.166666667,0.038567493,0.777777778,1,False,False,False,False,False,False,True,True,False,False,sweet_potato,-17.48,91.96
0.0,0.833333333,0.245179063,0.111111111,0,True,False,False,False,False,False,False,False,True,False,fruit_punch,3.91,66.28
0.363636364,0.666666667,0.03030303,0.222222222,1,False,False,False,False,False,False,True,False,False,True,cauliflower,28.34,83.52
0.636363636,0.666666667,0.509641873,0.888888889,1,True,False,False,False,False,False,False,True,False,False,iced_tea,-19.82,87.81
0.181818182,0.333333333,0.019283747,0.666666667,1,False,True,False,False,False,False,False,False,False,True,condensed_milk,29.8,83.35
0.454545455,1.0,0.002754821,0.888888889,1,False,False,True,False,False,False,False,False,True,False,kiwi,3.91,66.2
0.272727273,0.5,0.044077135,0.0,1,False,False,False,False,False,False,True,False,False,True,onion,27.11,72.82
0.272727273,1.0,0.011019284,0.0,1,False,False,False,False,True,False,False,True,False,False,minced_beef,-18.15,88.53
0.090909091,0.166666667,0.002754821,0.777777778,1,False,False,False,False,True,False,False,True,False,False,chicken_thigh,-17.67,85.78
0.363636364,0.0,0.016528926,0.222222222,0,False,True,False,False,False,False,False,False,True,False,cream_cheese,4.95,69.86
0.727272727,1.0,0.005509642,0.888888889,1,False,False,True,False,False,False,False,True,False,False,coconut,-17.21,90.36
0.181818182,0.666666667,0.008264463,0.888888889,0,False,False,False,False,True,False,False,True,False,False,ground_pork,-18.76,93.14
0.909090909,0.333333333,0.914600551,0.666666667,0,False,False,False,False,False,True,False,False,True,False,marshmallow,4.37,61.63
0.454545455,0.666666667,0.033057851,0.666666667,0,False,False,False,False,False,False,True,False,False,True,pumpkin,29.64,82.34
0.636363636,0.666666667,0.013774105,0.888888889,1,False,False,False,False,True,False,False,True,False,False,chicken_gizzard,-16.2,92.26
0.363636364,0.833333333,0.002754821,0.222222222,0,False,False,False,False,True,False,False,False,False,True,ground_pork,28.45,76.27
1.0,0.166666667,0.347107438,0.888888889,1,True,False,False,False,False,False,False,False,False,True,fruit_punch,29.73,82.99
0.636363636,1.0,0.013774105,0.0,1,False,True,False,False,False,False,False,False,True,False,butter,3.09,60.26
1.0,0.333333333,0.484848485,0.333333333,1,False,False,False,False,False,True,False,True,False,False,chocolate,-18.49,93.11
0.727272727,0.5,0.790633609,0.444444444,1,True,False,False,False,False,False,False,False,False,True,almond_milk,29.95,72.26
0.363636364,0.166666667,0.033057851,0.444444444,1,False,True,False,False,False,False,False,True,False,False,whipped_cream,-17.62,88.81
0.090909091,0.0,0.011019284,0.555555556,0,False,False,True,False,False,False,False,True,False,False,pineapple,-16.12,93.42
0.090909091,0.5,0.008264463,0.777777778,1,False,False,True,False,False,False,False,False,True,False,coconut,4.68,64.69
0.090909091,0.0,0.008264463,0.333333333,1,False,False,False,False,True,False,False,False,True,False,sausage,3.83,62.73
0.181818182,0.5,0.041322314,0.111111111,1,False,False,False,False,False,False,True,True,False,False,leeks,-19.77,93.65
0.181818182,0.666666667,0.016528926,1.0,1,False,True,False,False,False,False,False,False,False,True,chocolate_milk,29.25,85.0
1.0,0.5,0.019283747,0.888888889,1,False,False,False,False,False,False,True,True,False,False,broccoli,-16.01,90.55
0.909090909,1.0,0.779614325,0.333333333,1,False,False,False,False,False,True,False,False,True,False,chocolate,4.54,69.45
1.0,0.833333333,0.019283747,1.0,1,False,False,True,False,False,False,False,False,False,True,plum,29.4,73.71
0.454545455,1.0,0.143250689,0.222222222,1,True,False,False,False,False,False,False,True,False,False,kombucha,-18.2,86.29
0.454545455,0.166666667,0.432506887,0.333333333,1,False,False,False,True,False,False,False,False,False,True,flour,29.82,79.09
0.181818182,0.0,0.457300275,1.0,1,False,False,False,True,False,False,False,False,True,False,short_eats,3.46,66.72
0.272727273,0.833333333,0.038567493,0.111111111,1,False,False,False,False,False,False,True,True,False,False,lettuce,-17.53,88.58
0.363636364,0.333333333,0.002754821,0.555555556,1,False,False,False,False,True,False,False,False,True,False,beef_steak,3.23,66.72
0.363636364,1.0,0.035812672,0.888888889,1,False,True,False,False,False,False,False,True,False,False,cream_cheese,-17.92,92.72
1.0,0.833333333,0.019283747,0.111111111,1,False,False,False,False,True,False,False,False,False,True,beef_steak,28.08,82.78
0.0,0.5,0.426997245,0.333333333,1,False,False,False,False,False,True,False,True,False,False,sesame_snaps,-17.79,90.61
0.545454545,0.833333333,0.082644628,0.666666667,1,False,False,False,False,False,True,False,False,False,True,popcorn,29.51,76.05
0.545454545,0.0,0.046831956,0.0,1,False,False,False,False,False,False,True,False,True,False,spinach,3.27,60.29
0.818181818,0.166666667,0.002754821,0.777777778,1,False,False,False,False,True,False,False,False,True,False,chicken_wings,4.51,66.2
0.818181818,0.833333333,0.03030303,0.111111111,1,False,True,False,False,False,False,False,True,False,False,milk_powder,-17.18,87.13
0.909090909,0.833333333,0.027548209,0.111111111,1,False,False,True,False,False,False,False,False,True,False,watermelon,3.27,60.15
0.363636364,0.666666667,0.223140496,0.666666667,1,False,False,False,True,False,False,False,False,False,True,wheat_bread,27.4,78.85
0.454545455,0.833333333,0.011019284,0.777777778,1,False,False,True,False,False,False,False,False,True,False,pear,3.78,64.37
1.0,1.0,0.03030303,0.222222222,1,False,False,True,False,False,False,False,True,False,False,coconut,-16.38,88.48
0.090909091,0.5,0.002754821,0.888888889,1,False,False,True,False,False,False,False,True,False,False,orange,-17.94,92.84
0.272727273,0.166666667,0.022038567,0.888888889,0,False,False,True,False,False,False,False,False,False,True,apple,27.59,79.33
0.363636364,0.333333333,0.630853994,0.111111111,1,False,False,False,False,False,True,False,False,False,True,candy,29.45,84.24
0.0,1.0,0.022038567,0.888888889,1,False,False,True,False,False,False,False,True,False,False,coconut,-19.41,94.27
0.545454545,0.833333333,0.0,0.111111111,1,False,False,False,False,True,False,False,False,False,True,hotdog,27.97,73.87
0.0,0.333333333,0.03030303,0.444444444,1,False,False,True,False,False,False,False,False,False,True,plum,27.84,84.7
0.454545455,0.333333333,0.173553719,0.888888889,1,False,False,False,True,False,False,False,False,True,False,porridge_mix,3.99,63.29
0.181818182,0.333333333,0.002754821,0.555555556,0,False,False,True,False,False,False,False,False,True,False,blueberry,4.27,62.4
0.090909091,0.666666667,0.013774105,0.111111111,1,False,True,False,False,False,False,False,False,False,True,milkshake,26.3,71.93
1.0,0.0,0.005509642,0.666666667,1,False,False,False,False,True,False,False,False,False,True,hotdog,26.51,72.28
0.636363636,0.166666667,0.011019284,0.555555556,1,False,False,False,False,True,False,False,False,True,False,beef_steak,3.28,66.41
0.727272727,0.333333333,0.008264463,0.555555556,0,False,False,False,False,True,False,False,False,True,False,chicken_liver,3.36,63.46
0.090909091,0.0,0.011019284,0.0,1,False,False,True,False,False,False,False,True,False,False,kiwi,-16.41,89.74
0.727272727,0.5,0.011019284,0.222222222,1,False,False,True,False,False,False,False,False,True,False,guava,4.34,61.72
0.909090909,0.333333333,0.044077135,0.555555556,1,False,False,False,False,False,False,True,False,True,False,bell_pepper,3.38,60.41
0.818181818,0.5,0.407713499,0.222222222,1,False,False,False,True,False,False,False,True,False,False,millet,-19.32,87.79
0.363636364,0.0,0.23415978,0.444444444,0,False,False,False,True,False,False,False,False,True,False,oats,3.35,60.89
0.818181818,0.0,0.022038567,0.666666667,1,False,False,False,False,False,False,True,True,False,False,garlic,-19.52,89.61
0.363636364,0.5,0.922865014,0.777777778,0,True,False,False,False,False,False,False,False,False,True,juice,26.83,75.46
0.727272727,0.166666667,0.08815427,1.0,0,True,False,False,False,False,False,False,False,True,False,soda,4.01,66.9
0.181818182,0.0,0.019283747,0.333333333,1,False,False,False,False,False,False,True,False,True,False,cabbage,3.08,67.99
0.636363636,1.0,0.022038567,0.666666667,0,False,False,True,False,False,False,False,False,True,False,pomegranate,4.26,60.82
0.636363636,0.0,0.101928375,0.555555556,0,False,False,False,False,False,True,False,False,False,True,brownie,29.49,83.81
0.454545455,0.333333333,0.443526171,0.666666667,0,False,False,False,True,False,False,False,False,False,True,cereal,26.24,74.15
0.181818182,1.0,0.013774105,0.555555556,0,False,False,True,False,False,False,False,True,False,False,peach,-16.78,92.48
0.454545455,0.666666667,0.013774105,0.666666667,0,False,False,False,False,True,False,False,False,True,False,hotdog,3.37,62.09
0.818181818,0.666666667,0.011019284,0.111111111,1,False,False,False,False,True,False,False,True,False,False,chicken_thigh,-18.52,89.85
0.727272727,0.5,0.344352617,0.888888889,1,False,False,False,True,False,False,False,False,True,False,short_eats,4.24,63.69
0.636363636,0.0,0.008264463,0.555555556,1,False,False,False,False,True,False,False,False,True,False,chicken_breast,3.93,67.47
0.545454545,0.833333333,0.027548209,0.222222222,1,False,True,False,False,False,False,False,True,False,False,sour_cream,-19.85,87.52
0.0,0.666666667,0.680440771,0.0,0,False,False,False,False,False,True,False,False,True,False,pudding,4.43,68.95
0.636363636,0.166666667,0.38292011,1.0,1,False,False,False,True,False,False,False,True,False,False,porridge_mix,-17.95,90.32
0.181818182,0.666666667,0.008264463,0.666666667,0,False,False,False,False,False,False,True,False,True,False,mushroom,3.21,64.47
1.0,0.666666667,0.022038567,0.333333333,0,False,False,True,False,False,False,False,False,True,False,lemon,4.07,62.42
0.181818182,1.0,0.033057851,0.0,1,False,False,False,False,False,False,True,False,True,False,beetroot,3.54,63.77
0.272727273,1.0,0.019283747,0.666666667,0,False,True,False,False,False,False,False,False,True,False,condensed_milk,3.04,63.22
0.272727273,0.833333333,0.002754821,0.666666667,1,False,False,True,False,False,False,False,False,False,True,strawberry,26.85,74.91
0.454545455,0.833333333,0.013774105,0.888888889,1,False,True,False,False,False,False,False,False,True,False,butter,3.24,68.91
0.909090909,0.166666667,0.70523416,0.555555556,0,True,False,False,False,False,False,False,False,True,False,soy_milk,4.19,66.79
0.363636364,0.666666667,0.468319559,0.0,0,False,False,False,True,False,False,False,True,False,False,wheat_bread,-16.84,89.98
0.909090909,0.166666667,0.013774105,0.333333333,1,False,False,False,False,True,False,False,False,False,True,pork_chop,26.35,78.06
0.272727273,0.166666667,0.024793388,0.888888889,1,False,False,False,False,False,False,True,True,False,False,leeks,-17.65,92.45
0.818181818,0.5,0.013774105,0.111111111,0,False,False,False,False,True,False,False,False,False,True,mutton,27.73,71.91
0.0,1.0,0.484848485,0.555555556,1,False,False,False,True,False,False,False,False,True,False,bun_rotti,3.57,63.63
0.181818182,1.0,0.887052342,1.0,1,False,False,False,False,False,True,False,True,False,False,chocolate,-17.42,90.71
0.454545455,0.666666667,0.024793388,0.222222222,1,False,True,False,False,False,False,False,True,False,False,ghee,-18.58,94.87
0.545454545,0.166666667,0.03030303,0.444444444,1,False,True,False,False,False,False,False,False,False,True,whipped_cream,28.42,73.56
0.0,0.5,0.710743802,0.111111111,1,True,False,False,False,False,False,False,True,False,False,chocolate_drink,-19.59,86.53
0.727272727,0.5,0.757575758,0.888888889,1,False,False,False,False,False,True,False,True,False,False,energy_bar,-19.02,86.61
0.181818182,0.833333333,0.600550964,0.333333333,1,True,False,False,False,False,False,False,False,False,True,fruit_punch,26.75,74.28
0.545454545,0.833333333,0.002754821,0.777777778,1,False,False,False,False,True,False,False,False,False,True,sausage,26.69,83.45
0.545454545,0.0,0.360881543,0.444444444,0,True,False,False,False,False,False,False,False,False,True,soy_milk,26.32,77.87
0.0,0.666666667,0.035812672,0.444444444,1,False,True,False,False,False,False,False,False,True,False,cream,3.82,69.82
0.818181818,0.5,0.038567493,0.555555556,1,False,True,False,False,False,False,False,False,False,True,cream_cheese,26.45,75.97
0.727272727,0.166666667,0.641873278,0.666666667,1,False,False,False,False,False,True,False,False,True,False,candy,4.94,68.66
0.818181818,0.5,0.016528926,0.777777778,1,False,True,False,False,False,False,False,False,False,True,butter,29.27,73.87
0.272727273,0.666666667,0.801652893,0.333333333,1,False,False,False,False,False,True,False,False,False,True,pudding,26.68,80.03
0.363636364,0.0,0.603305785,0.222222222,1,True,False,False,False,False,False,False,True,False,False,almond_milk,-16.28,90.57
0.545454545,0.166666667,0.016528926,1.0,1,False,False,False,False,True,False,False,False,True,False,chicken_thigh,4.14,62.8
0.636363636,0.833333333,0.019283747,0.888888889,1,False,False,True,False,False,False,False,False,False,True,coconut,29.08,72.81
0.727272727,0.166666667,0.696969697,0.111111111,0,False,False,False,False,False,True,False,False,True,False,cookie,3.65,64.25
0.818181818,0.333333333,0.035812672,0.333333333,1,False,False,False,False,False,False,True,False,False,True,spinach,28.03,73.64
0.545454545,0.5,0.112947658,0.111111111,1,False,False,False,False,False,True,False,False,True,False,trail_mix,3.23,66.11
0.0,0.166666667,0.019283747,0.444444444,1,False,False,False,False,True,False,False,False,True,False,pork_chop,3.58,65.81
0.454545455,0.5,0.454545455,0.888888889,1,False,False,False,True,False,False,False,False,False,True,rice_cakes,26.62,77.22
0.818181818,0.5,0.314049587,0.666666667,0,False,False,False,True,False,False,False,False,True,False,bun_rotti,4.07,60.52
0.636363636,1.0,0.110192837,0.444444444,1,False,False,False,False,False,True,False,True,False,False,cheese_balls,-18.65,86.34
1.0,0.833333333,0.046831956,0.222222222,0,False,True,False,False,False,False,False,False,True,False,milk,3.13,69.9
1.0,0.5,0.022038567,0.111111111,0,False,False,True,False,False,False,False,False,True,False,kiwi,3.64,68.1
0.090909091,1.0,0.044077135,0.111111111,1,False,True,False,False,False,False,False,False,True,False,yogurt_drink,3.51,66.82
0.181818182,0.5,0.848484848,0.555555556,1,False,False,False,False,False,True,False,False,True,False,nachos,4.52,65.96
0.454545455,0.0,0.024793388,0.444444444,1,False,False,True,False,False,False,False,False,False,True,avocado,27.89,76.18
0.272727273,0.0,0.228650138,0.0,1,False,False,False,True,False,False,False,False,True,False,string_hoppers,3.7,69.3
0.0,0.0,0.38292011,0.888888889,1,True,False,False,False,False,False,False,True,False,False,chocolate_drink,-16.68,94.65
0.909090909,0.0,0.044077135,0.666666667,1,False,False,False,False,False,False,True,True,False,False,sweet_potato,-19.5,92.31
0.636363636,0.0,0.807162534,0.555555556,0,True,False,False,False,False,False,False,False,False,True,kombucha,29.75,72.72
0.727272727,0.0,0.016528926,0.111111111,0,False,True,False,False,False,False,False,True,False,False,cheddar,-19.73,92.41
0.909090909,0.0,0.005509642,0.444444444,1,False,False,True,False,False,False,False,True,False,False,lemon,-17.7,93.42
0.454545455,0.166666667,0.022038567,0.111111111,1,False,False,False,False,False,False,True,False,False,True,cabbage,26.56,81.93
0.636363636,0.0,0.011019284,0.888888889,0,False,False,False,False,True,False,False,False,False,True,sausage,26.81,72.45
0.818181818,0.666666667,0.013774105,0.555555556,1,False,False,True,False,False,False,False,False,True,False,grapes,3.33,68.15
0.272727273,0.0,0.024793388,0.555555556,1,False,True,False,False,False,False,False,False,True,False,chocolate_milk,4.33,65.23
0.636363636,0.333333333,0.002754821,0.0,1,False,False,False,False,True,False,False,False,False,True,chicken_wings,27.44,83.16
0.181818182,0.666666667,0.550964187,0.222222222,1,False,False,False,False,False,True,False,True,False,False,energy_bar,-18.43,93.17
0.454545455,0.666666667,0.044077135,0.666666667,1,False,False,False,False,False,False,True,False,False,True,ginger,27.76,75.65
0.545454545,0.666666667,0.016528926,0.333333333,1,False,False,False,False,False,False,True,False,True,False,corn,3.93,63.01
0.0,0.5,0.041322314,1.0,0,False,True,False,False,False,False,False,False,False,True,mozzarella,28.99,77.54
0.272727273,0.0,0.016528926,0.666666667,0,False,True,False,False,False,False,False,True,False,False,yogurt_drink,-19.07,94.0
0.727272727,0.666666667,0.024793388,0.111111111,1,False,False,False,False,False,False,True,False,True,False,onion,3.77,65.44
0.818181818,0.333333333,0.779614325,0.444444444,0,True,False,False,False,False,False,False,False,False,True,lemonade,29.63,79.36
0.909090909,1.0,0.016528926,0.222222222,1,False,False,False,False,False,False,True,False,True,False,cabbage,3.23,69.4
0.545454545,0.333333333,0.019283747,0.0,0,False,False,False,False,True,False,False,True,False,False,beef_steak,-17.49,88.35
0.727272727,1.0,0.005509642,0.333333333,1,False,False,True,False,False,False,False,False,True,False,kiwi,3.28,67.94
0.363636364,0.0,0.013774105,0.0,0,False,False,False,False,False,False,True,False,True,False,ginger,4.24,65.33
0.363636364,0.333333333,0.013774105,0.444444444,1,False,False,False,False,False,False,True,False,True,False,bell_pepper,4.79,67.89
0.818181818,0.166666667,0.046831956,1.0,0,False,True,False,False,False,False,False,False,True,False,cheese,3.3,63.12
0.818181818,0.166666667,0.013774105,0.0,0,False,False,False,False,True,False,False,True,False,False,pork_chop,-19.01,92.44
0.818181818,0.666666667,0.049586777,0.111111111,1,False,False,False,False,False,False,True,True,False,False,ginger,-19.87,90.7
0.454545455,0.833333333,0.024793388,0.0,1,False,False,True,False,False,False,False,False,True,False,guava,4.52,68.77
0.090909091,0.666666667,0.024793388,0.333333333,1,False,False,False,False,False,False,True,False,False,True,pumpkin,27.37,82.32
0.0,0.166666667,0.035812672,0.0,1,False,False,False,False,False,False,True,True,False,False,onion,-19.56,93.46
0.363636364,0.0,0.035812672,0.888888889,1,False,True,False,False,False,False,False,False,True,False,whipped_cream,3.25,63.97
0.545454545,0.0,0.008264463,0.111111111,1,False,False,False,False,True,False,False,False,True,False,mutton,4.59,61.5
0.181818182,0.666666667,0.358126722,0.666666667,1,False,False,False,True,False,False,False,True,False,False,flour,-19.08,92.22
0.181818182,0.833333333,0.179063361,0.444444444,1,False,False,False,False,False,True,False,True,False,False,wafers,-17.12,91.41
0.545454545,0.166666667,0.027548209,0.666666667,1,False,True,False,False,False,False,False,True,False,False,sour_cream,-17.22,90.43
0.090909091,0.0,0.140495868,0.222222222,1,True,False,False,False,False,False,False,False,True,False,syrup,3.5,63.46
0.363636364,0.666666667,0.041322314,1.0,1,False,True,False,False,False,False,False,False,True,False,ice_cream,3.36,69.08
0.545454545,0.333333333,0.713498623,0.444444444,1,True,False,False,False,False,False,False,True,False,False,coconut_water,-17.67,89.01
0.181818182,0.0,0.016528926,0.777777778,1,False,False,True,False,False,False,False,False,True,False,grapes,3.92,69.47
0.363636364,0.166666667,0.016528926,0.444444444,1,False,False,False,False,False,False,True,True,False,False,bell_pepper,-19.39,90.86
1.0,0.166666667,0.35261708,0.222222222,1,False,False,False,True,False,False,False,False,True,False,barley,4.01,66.11
0.454545455,0.666666667,0.41046832,0.444444444,1,True,False,False,False,False,False,False,False,False,True,lemonade,26.07,83.08
0.090909091,0.333333333,0.038567493,0.0,0,False,False,False,False,False,False,True,False,False,True,sweet_potato,29.73,78.48
0.272727273,0.833333333,0.016528926,0.333333333,1,False,False,False,False,True,False,False,True,False,False,beef_steak,-17.21,94.22
0.727272727,0.666666667,0.016528926,0.333333333,1,False,False,False,False,False,False,True,False,True,False,leeks,4.41,61.53
0.545454545,0.833333333,0.049586777,0.0,1,False,True,False,False,False,False,False,True,False,False,yogurt,-17.69,91.07
0.0,0.166666667,0.112947658,0.222222222,1,True,False,False,False,False,False,False,False,False,True,iced_tea,27.7,81.05
0.454545455,0.0,0.049586777,0.666666667,1,False,False,False,False,False,False,True,False,False,True,tomato,29.74,83.88
0.454545455,0.666666667,0.044077135,0.555555556,1,False,False,False,False,False,False,True,True,False,False,bell_pepper,-18.2,86.13
0.272727273,0.5,0.046831956,1.0,1,False,True,False,False,False,False,False,False,False,True,milk,29.94,82.58
0.272727273,0.666666667,0.597796143,0.555555556,1,True,False,False,False,False,False,False,False,False,True,syrup,26.5,83.81
0.454545455,0.0,0.906336088,0.555555556,1,False,False,False,False,False,True,False,False,True,False,jelly_cup,4.74,65.19
0.363636364,0.0,0.033057851,0.0,1,False,False,False,False,False,False,True,False,True,False,sweet_potato,4.18,63.99
0.545454545,0.5,0.011019284,0.555555556,1,False,False,True,False,False,False,False,False,False,True,pineapple,26.22,75.03
0.636363636,0.166666667,0.415977961,0.555555556,1,False,False,False,True,False,False,False,True,False,False,bread,-16.79,85.05
0.272727273,1.0,0.878787879,0.555555556,1,False,False,False,False,False,True,False,False,True,False,brownie,3.67,63.98
0.0,0.666666667,0.699724518,0.0,1,False,False,False,False,False,True,False,False,True,False,chocolate,4.07,69.2
0.454545455,0.166666667,0.002754821,1.0,0,False,False,False,False,True,False,False,False,False,True,chicken_gizzard,27.39,75.2
0.545454545,0.333333333,0.011019284,0.111111111,0,False,False,False,False,True,False,False,False,False,True,beef_steak,28.95,76.78
0.272727273,0.5,0.022038567,0.111111111,1,False,False,True,False,False,False,False,False,True,False,banana,3.45,64.52
0.090909091,0.833333333,0.03030303,0.777777778,0,False,False,False,False,False,False,True,False,True,False,onion,3.28,61.76
0.454545455,0.0,0.336088154,0.111111111,1,False,False,False,True,False,False,False,False,False,True,bread,27.99,76.28
0.363636364,0.333333333,0.280991736,0.0,1,False,False,False,True,False,False,False,True,False,False,short_eats,-16.34,88.62
1.0,0.666666667,0.033057851,0.555555556,0,False,True,False,False,False,False,False,True,False,False,yogurt_drink,-17.68,91.32
0.636363636,0.333333333,0.008264463,1.0,1,False,False,False,False,True,False,False,True,False,False,beef_steak,-19.95,91.64
0.545454545,0.5,0.707988981,0.888888889,1,False,False,False,False,False,True,False,False,True,False,nachos,3.36,69.61
0.454545455,0.333333333,0.033057851,0.777777778,1,False,False,False,False,False,False,True,False,False,True,corn,26.59,76.22
1.0,0.5,0.035812672,0.555555556,1,False,True,False,False,False,False,False,True,False,False,buttermilk,-19.66,94.97
0.545454545,0.833333333,0.107438017,1.0,1,False,False,False,True,False,False,False,False,False,True,noodles,28.01,78.93
0.363636364,0.5,0.002754821,0.666666667,1,False,False,False,False,True,False,False,True,False,False,chicken_liver,-19.73,92.5
0.272727273,0.0,0.008264463,0.0,1,False,False,False,False,True,False,False,False,True,False,lamb,3.42,68.98
0.727272727,0.333333333,0.027548209,0.444444444,1,False,True,False,False,False,False,False,True,False,False,ice_cream,-19.18,86.91
1.0,0.833333333,0.493112948,0.666666667,1,True,False,False,False,False,False,False,True,False,False,smoothie,-19.85,89.72
0.181818182,0.5,0.016528926,0.111111111,0,False,False,False,False,True,False,False,True,False,False,ground_pork,-17.74,85.66
0.181818182,0.333333333,0.005509642,0.333333333,1,False,False,True,False,False,False,False,False,False,True,kiwi,29.1,76.8
0.0,0.333333333,0.035812672,0.777777778,1,False,False,False,False,False,False,True,False,True,False,bell_pepper,4.05,64.41
1.0,0.166666667,0.019283747,0.777777778,1,False,False,True,False,False,False,False,True,False,False,banana,-18.4,90.6
0.454545455,0.666666667,0.008264463,0.888888889,1,False,False,True,False,False,False,False,False,True,False,mango,3.31,61.82
0.727272727,0.333333333,0.760330579,0.888888889,0,True,False,False,False,False,False,False,False,False,True,soda,29.45,84.19
0.272727273,0.333333333,0.013774105,0.444444444,0,False,False,True,False,False,False,False,True,False,False,lychee,-18.51,87.71
0.909090909,0.166666667,0.121212121,0.777777778,1,False,False,False,True,False,False,False,True,False,False,couscous,-17.42,89.09
0.272727273,0.333333333,0.03030303,0.444444444,1,False,False,True,False,False,False,False,True,False,False,pear,-19.9,86.56
0.181818182,0.666666667,0.47107438,0.777777778,1,False,False,False,True,False,False,False,False,False,True,crackers,28.86,79.88
0.545454545,0.5,0.03030303,0.555555556,1,False,False,True,False,False,False,False,True,False,False,blueberry,-19.89,87.22
0.272727273,0.666666667,0.275482094,0.666666667,1,False,False,False,True,False,False,False,False,True,False,bread,3.46,66.72
0.545454545,0.166666667,0.70523416,0.333333333,1,False,False,False,False,False,True,False,False,False,True,sesame_snaps,26.08,71.56
0.818181818,0.833333333,0.655647383,1.0,1,False,False,False,False,False,True,False,False,True,False,wafers,4.6,61.79
0.181818182,1.0,0.710743802,0.0,1,True,False,False,False,False,False,False,False,True,False,energy_drink,4.31,62.38
0.727272727,0.666666667,0.013774105,0.222222222,1,False,False,False,False,True,False,False,False,True,False,chicken_gizzard,3.2,62.43
0.727272727,0.333333333,0.953168044,0.111111111,1,False,False,False,False,False,True,False,False,False,True,marshmallow,28.89,82.84
0.0,0.0,0.159779614,0.0,1,False,False,False,True,False,False,False,False,True,False,noodles,4.66,63.97
0.818181818,0.0,0.484848485,0.222222222,1,True,False,False,False,False,False,False,False,True,False,milk_drink,4.34,62.05
0.363636364,0.833333333,0.008264463,0.777777778,1,False,False,False,False,True,False,False,True,False,False,lamb,-18.83,93.96
0.909090909,0.0,0.578512397,0.0,0,True,False,False,False,False,False,False,False,True,False,kombucha,3.03,60.86
0.909090909,0.833333333,0.022038567,0.777777778,1,False,False,True,False,False,False,False,False,True,False,lychee,3.42,60.27
0.454545455,0.5,0.008264463,0.888888889,1,False,False,True,False,False,False,False,False,False,True,apple,26.73,78.75
0.181818182,0.166666667,0.785123967,0.111111111,1,False,False,False,False,False,True,False,False,True,False,wafers,3.84,68.93
0.181818182,1.0,0.308539945,0.222222222,0,False,False,False,True,False,False,False,False,True,False,quinoa,4.63,63.42
0.636363636,0.333333333,0.683195592,0.777777778,1,False,False,False,False,False,True,False,False,False,True,doughnut,27.04,75.7
0.727272727,0.0,0.093663912,0.666666667,1,False,False,False,True,False,False,False,True,False,False,quinoa,-17.64,87.68
0.363636364,0.5,0.179063361,0.222222222,1,True,False,False,False,False,False,False,False,False,True,soy_milk,28.5,76.14
0.0,0.166666667,0.292011019,0.888888889,1,False,False,False,True,False,False,False,True,False,False,couscous,-17.79,89.36
0.545454545,0.0,0.03030303,0.111111111,0,False,False,True,False,False,False,False,False,True,False,kiwi,3.59,69.48
0.727272727,0.666666667,0.752066116,0.0,0,True,False,False,False,False,False,False,False,True,False,energy_drink,4.53,61.4
0.363636364,0.666666667,0.393939394,0.777777778,0,True,False,False,False,False,False,False,False,True,False,soda,4.74,64.87
0.909090909,0.333333333,0.027548209,0.0,1,False,False,True,False,False,False,False,False,True,False,kiwi,4.79,68.0
0.0,0.166666667,0.005509642,0.777777778,1,False,False,True,False,False,False,False,False,True,False,blueberry,3.85,60.22
0.0,0.166666667,0.123966942,0.888888889,1,False,False,False,False,False,True,False,False,True,False,marshmallow,3.54,65.42
1.0,0.5,0.024793388,0.444444444,1,False,True,False,False,False,False,False,False,False,True,cheese,28.53,73.87
0.636363636,1.0,0.044077135,0.555555556,0,False,True,False,False,False,False,False,False,True,False,ghee,3.28,68.35
0.181818182,0.166666667,0.842975207,0.222222222,1,False,False,False,False,False,True,False,False,False,True,biscuits,29.94,77.89
0.454545455,0.0,0.044077135,0.0,1,False,True,False,False,False,False,False,False,True,False,milk_powder,3.34,62.72
0.636363636,0.166666667,0.027548209,1.0,1,False,False,False,False,False,False,True,True,False,False,cucumber,-19.93,94.14
1.0,0.333333333,0.019283747,1.0,1,False,False,True,False,False,False,False,False,True,False,watermelon,3.24,65.77
0.818181818,0.833333333,0.79338843,0.0,1,True,False,False,False,False,False,False,False,True,False,vitamin_water,3.55,65.54
0.272727273,0.333333333,0.928374656,0.888888889,1,True,False,False,False,False,False,False,False,False,True,smoothie,28.61,82.45
0.090909091,0.333333333,0.454545455,0.222222222,1,False,False,False,True,False,False,False,True,False,False,couscous,-19.17,85.11
1.0,0.166666667,0.848484848,0.777777778,1,False,False,False,False,False,True,False,True,False,False,chips,-19.45,94.0
0.0,0.333333333,0.209366391,0.555555556,1,False,False,False,False,False,True,False,True,False,False,chips,-16.5,90.97
0.909090909,0.5,0.451790634,0.333333333,1,False,False,False,True,False,False,False,True,False,False,cereal,-17.6,91.65
0.545454545,0.333333333,0.016528926,1.0,1,False,False,False,False,True,False,False,False,True,False,chicken_gizzard,3.35,69.14
0.818181818,0.666666667,0.046831956,1.0,1,False,True,False,False,False,False,False,False,False,True,milk_powder,27.68,75.75
0.181818182,0.333333333,0.03030303,0.111111111,1,False,False,True,False,False,False,False,False,True,False,apple,4.04,60.47
0.363636364,1.0,0.044077135,0.444444444,0,False,True,False,False,False,False,False,False,True,False,mozzarella,3.33,67.38
0.090909091,0.833333333,0.049586777,0.222222222,1,False,True,False,False,False,False,False,False,True,False,yogurt,3.17,66.03
0.909090909,0.833333333,0.798898072,0.333333333,0,False,False,False,False,False,True,False,False,True,False,sesame_snaps,3.49,63.89
0.636363636,0.333333333,0.022038567,0.333333333,0,False,False,False,False,False,False,True,False,True,False,potato,3.58,63.56
0.818181818,1.0,0.143250689,1.0,0,True,False,False,False,False,False,False,False,False,True,smoothie,28.88,74.46
0.090909091,0.666666667,0.134986226,0.111111111,1,False,False,False,True,False,False,False,False,True,False,crackers,4.13,64.76
0.909090909,0.333333333,0.112947658,0.888888889,1,False,False,False,False,False,True,False,False,True,False,wafers,4.33,69.37
0.818181818,1.0,0.082644628,0.333333333,1,False,False,False,True,False,False,False,False,True,False,string_hoppers,4.47,62.15
0.272727273,0.166666667,0.044077135,1.0,1,False,False,False,False,False,False,True,False,True,False,lettuce,3.06,62.62
0.363636364,0.833333333,0.008264463,0.444444444,1,False,False,False,False,True,False,False,False,False,True,chicken_gizzard,28.38,70.77
0.727272727,0.333333333,0.019283747,0.0,1,False,False,False,False,True,False,False,True,False,False,chicken_gizzard,-18.01,90.97
0.0,0.166666667,0.005509642,0.111111111,1,False,False,True,False,False,False,False,True,False,False,kiwi,-18.66,92.71
0.454545455,0.333333333,0.936639118,0.777777778,1,False,False,False,False,False,True,False,False,True,False,biscuits,3.21,60.75
0.181818182,0.833333333,0.727272727,1.0,0,False,False,False,False,False,True,False,False,False,True,jelly_cup,28.91,77.43
0.0,0.666666667,0.027548209,0.888888889,1,False,True,False,False,False,False,False,True,False,False,whipped_cream,-17.25,89.35
0.272727273,0.666666667,0.107438017,0.666666667,0,True,False,False,False,False,False,False,False,True,False,coffee_drink,3.49,68.19
0.272727273,1.0,0.112947658,0.555555556,1,False,False,False,True,False,False,False,False,True,False,bread,4.6,66.95
0.636363636,0.0,0.377410468,0.666666667,1,False,False,False,True,False,False,False,True,False,False,millet,-18.91,90.9
0.272727273,0.666666667,0.013774105,0.333333333,1,False,False,True,False,False,False,False,False,False,True,blueberry,27.44,71.37
0.272727273,0.333333333,0.011019284,0.0,1,False,False,True,False,False,False,False,False,True,False,lychee,4.83,61.37
0.363636364,0.333333333,0.013774105,0.222222222,1,False,False,False,False,True,False,False,False,True,False,salami,4.9,64.46
